date,count,year,day,hour,weekday,weekofyear,t-1,t-2,t-3,t-4,t-5,t-6,t-7
2016-01-08,435,2016,8,0,4,1,393.0,450.0,414.0,517.0,375.0,330.0,447.0
2016-01-09,476,2016,9,0,5,1,435.0,393.0,450.0,414.0,517.0,375.0,330.0
2016-01-10,530,2016,10,0,6,1,476.0,435.0,393.0,450.0,414.0,517.0,375.0
2016-01-11,450,2016,11,0,0,2,530.0,476.0,435.0,393.0,450.0,414.0,517.0
2016-01-12,405,2016,12,0,1,2,450.0,530.0,476.0,435.0,393.0,450.0,414.0
2016-01-13,464,2016,13,0,2,2,405.0,450.0,530.0,476.0,435.0,393.0,450.0
2016-01-14,475,2016,14,0,3,2,464.0,405.0,450.0,530.0,476.0,435.0,393.0
2016-01-15,534,2016,15,0,4,2,475.0,464.0,405.0,450.0,530.0,476.0,435.0
2016-01-16,501,2016,16,0,5,2,534.0,475.0,464.0,405.0,450.0,530.0,476.0
2016-01-17,507,2016,17,0,6,2,501.0,534.0,475.0,464.0,405.0,450.0,530.0
2016-01-18,441,2016,18,0,0,3,507.0,501.0,534.0,475.0,464.0,405.0,450.0
2016-01-19,496,2016,19,0,1,3,441.0,507.0,501.0,534.0,475.0,464.0,405.0
2016-01-20,495,2016,20,0,2,3,496.0,441.0,507.0,501.0,534.0,475.0,464.0
2016-01-21,480,2016,21,0,3,3,495.0,496.0,441.0,507.0,501.0,534.0,475.0
2016-01-22,463,2016,22,0,4,3,480.0,495.0,496.0,441.0,507.0,501.0,534.0
2016-01-23,518,2016,23,0,5,3,463.0,480.0,495.0,496.0,441.0,507.0,501.0
2016-01-24,436,2016,24,0,6,3,518.0,463.0,480.0,495.0,496.0,441.0,507.0
2016-01-25,438,2016,25,0,0,4,436.0,518.0,463.0,480.0,495.0,496.0,441.0
2016-01-26,408,2016,26,0,1,4,438.0,436.0,518.0,463.0,480.0,495.0,496.0
2016-01-27,416,2016,27,0,2,4,408.0,438.0,436.0,518.0,463.0,480.0,495.0
2016-01-28,472,2016,28,0,3,4,416.0,408.0,438.0,436.0,518.0,463.0,480.0
2016-01-29,486,2016,29,0,4,4,472.0,416.0,408.0,438.0,436.0,518.0,463.0
2016-01-30,568,2016,30,0,5,4,486.0,472.0,416.0,408.0,438.0,436.0,518.0
2016-01-31,478,2016,31,0,6,4,568.0,486.0,472.0,416.0,408.0,438.0,436.0
2016-02-01,462,2016,1,0,0,5,478.0,568.0,486.0,472.0,416.0,408.0,438.0
2016-02-02,486,2016,2,0,1,5,462.0,478.0,568.0,486.0,472.0,416.0,408.0
2016-02-03,467,2016,3,0,2,5,486.0,462.0,478.0,568.0,486.0,472.0,416.0
2016-02-04,470,2016,4,0,3,5,467.0,486.0,462.0,478.0,568.0,486.0,472.0
2016-02-05,493,2016,5,0,4,5,470.0,467.0,486.0,462.0,478.0,568.0,486.0
2016-02-06,491,2016,6,0,5,5,493.0,470.0,467.0,486.0,462.0,478.0,568.0
2016-02-07,448,2016,7,0,6,5,491.0,493.0,470.0,467.0,486.0,462.0,478.0
2016-02-08,468,2016,8,0,0,6,448.0,491.0,493.0,470.0,467.0,486.0,462.0
2016-02-09,464,2016,9,0,1,6,468.0,448.0,491.0,493.0,470.0,467.0,486.0
2016-02-10,422,2016,10,0,2,6,464.0,468.0,448.0,491.0,493.0,470.0,467.0
2016-02-11,492,2016,11,0,3,6,422.0,464.0,468.0,448.0,491.0,493.0,470.0
2016-02-12,484,2016,12,0,4,6,492.0,422.0,464.0,468.0,448.0,491.0,493.0
2016-02-13,540,2016,13,0,5,6,484.0,492.0,422.0,464.0,468.0,448.0,491.0
2016-02-14,590,2016,14,0,6,6,540.0,484.0,492.0,422.0,464.0,468.0,448.0
2016-02-15,476,2016,15,0,0,7,590.0,540.0,484.0,492.0,422.0,464.0,468.0
2016-02-16,451,2016,16,0,1,7,476.0,590.0,540.0,484.0,492.0,422.0,464.0
2016-02-17,440,2016,17,0,2,7,451.0,476.0,590.0,540.0,484.0,492.0,422.0
2016-02-18,463,2016,18,0,3,7,440.0,451.0,476.0,590.0,540.0,484.0,492.0
2016-02-19,486,2016,19,0,4,7,463.0,440.0,451.0,476.0,590.0,540.0,484.0
2016-02-20,517,2016,20,0,5,7,486.0,463.0,440.0,451.0,476.0,590.0,540.0
2016-02-21,480,2016,21,0,6,7,517.0,486.0,463.0,440.0,451.0,476.0,590.0
2016-02-22,417,2016,22,0,0,8,480.0,517.0,486.0,463.0,440.0,451.0,476.0
2016-02-23,416,2016,23,0,1,8,417.0,480.0,517.0,486.0,463.0,440.0,451.0
2016-02-24,437,2016,24,0,2,8,416.0,417.0,480.0,517.0,486.0,463.0,440.0
2016-02-25,476,2016,25,0,3,8,437.0,416.0,417.0,480.0,517.0,486.0,463.0
2016-02-26,505,2016,26,0,4,8,476.0,437.0,416.0,417.0,480.0,517.0,486.0
2016-02-27,536,2016,27,0,5,8,505.0,476.0,437.0,416.0,417.0,480.0,517.0
2016-02-28,470,2016,28,0,6,8,536.0,505.0,476.0,437.0,416.0,417.0,480.0
2016-02-29,498,2016,29,0,0,9,470.0,536.0,505.0,476.0,437.0,416.0,417.0
2016-03-01,420,2016,1,0,1,9,498.0,470.0,536.0,505.0,476.0,437.0,416.0
2016-03-02,442,2016,2,0,2,9,420.0,498.0,470.0,536.0,505.0,476.0,437.0
2016-03-03,417,2016,3,0,3,9,442.0,420.0,498.0,470.0,536.0,505.0,476.0
2016-03-04,466,2016,4,0,4,9,417.0,442.0,420.0,498.0,470.0,536.0,505.0
2016-03-05,505,2016,5,0,5,9,466.0,417.0,442.0,420.0,498.0,470.0,536.0
2016-03-06,516,2016,6,0,6,9,505.0,466.0,417.0,442.0,420.0,498.0,470.0
2016-03-07,400,2016,7,0,0,10,516.0,505.0,466.0,417.0,442.0,420.0,498.0
2016-03-08,409,2016,8,0,1,10,400.0,516.0,505.0,466.0,417.0,442.0,420.0
2016-03-09,417,2016,9,0,2,10,409.0,400.0,516.0,505.0,466.0,417.0,442.0
2016-03-10,416,2016,10,0,3,10,417.0,409.0,400.0,516.0,505.0,466.0,417.0
2016-03-11,486,2016,11,0,4,10,416.0,417.0,409.0,400.0,516.0,505.0,466.0
2016-03-12,533,2016,12,0,5,10,486.0,416.0,417.0,409.0,400.0,516.0,505.0
2016-03-13,489,2016,13,0,6,10,533.0,486.0,416.0,417.0,409.0,400.0,516.0
2016-03-14,443,2016,14,0,0,11,489.0,533.0,486.0,416.0,417.0,409.0,400.0
2016-03-15,409,2016,15,0,1,11,443.0,489.0,533.0,486.0,416.0,417.0,409.0
2016-03-16,478,2016,16,0,2,11,409.0,443.0,489.0,533.0,486.0,416.0,417.0
2016-03-17,462,2016,17,0,3,11,478.0,409.0,443.0,489.0,533.0,486.0,416.0
2016-03-18,497,2016,18,0,4,11,462.0,478.0,409.0,443.0,489.0,533.0,486.0
2016-03-19,484,2016,19,0,5,11,497.0,462.0,478.0,409.0,443.0,489.0,533.0
2016-03-20,483,2016,20,0,6,11,484.0,497.0,462.0,478.0,409.0,443.0,489.0
2016-03-21,434,2016,21,0,0,12,483.0,484.0,497.0,462.0,478.0,409.0,443.0
2016-03-22,467,2016,22,0,1,12,434.0,483.0,484.0,497.0,462.0,478.0,409.0
2016-03-23,447,2016,23,0,2,12,467.0,434.0,483.0,484.0,497.0,462.0,478.0
2016-03-24,374,2016,24,0,3,12,447.0,467.0,434.0,483.0,484.0,497.0,462.0
2016-03-25,287,2016,25,0,4,12,374.0,447.0,467.0,434.0,483.0,484.0,497.0
2016-03-26,457,2016,26,0,5,12,287.0,374.0,447.0,467.0,434.0,483.0,484.0
2016-03-27,462,2016,27,0,6,12,457.0,287.0,374.0,447.0,467.0,434.0,483.0
2016-03-28,481,2016,28,0,0,13,462.0,457.0,287.0,374.0,447.0,467.0,434.0
2016-03-29,408,2016,29,0,1,13,481.0,462.0,457.0,287.0,374.0,447.0,467.0
2016-03-30,445,2016,30,0,2,13,408.0,481.0,462.0,457.0,287.0,374.0,447.0
2016-03-31,456,2016,31,0,3,13,445.0,408.0,481.0,462.0,457.0,287.0,374.0
2016-04-01,488,2016,1,0,4,13,456.0,445.0,408.0,481.0,462.0,457.0,287.0
2016-04-02,558,2016,2,0,5,13,488.0,456.0,445.0,408.0,481.0,462.0,457.0
2016-04-03,484,2016,3,0,6,13,558.0,488.0,456.0,445.0,408.0,481.0,462.0
2016-04-04,511,2016,4,0,0,14,484.0,558.0,488.0,456.0,445.0,408.0,481.0
2016-04-05,450,2016,5,0,1,14,511.0,484.0,558.0,488.0,456.0,445.0,408.0
2016-04-06,444,2016,6,0,2,14,450.0,511.0,484.0,558.0,488.0,456.0,445.0
2016-04-07,490,2016,7,0,3,14,444.0,450.0,511.0,484.0,558.0,488.0,456.0
2016-04-08,566,2016,8,0,4,14,490.0,444.0,450.0,511.0,484.0,558.0,488.0
2016-04-09,648,2016,9,0,5,14,566.0,490.0,444.0,450.0,511.0,484.0,558.0
2016-04-10,562,2016,10,0,6,14,648.0,566.0,490.0,444.0,450.0,511.0,484.0
2016-04-11,442,2016,11,0,0,15,562.0,648.0,566.0,490.0,444.0,450.0,511.0
2016-04-12,419,2016,12,0,1,15,442.0,562.0,648.0,566.0,490.0,444.0,450.0
2016-04-13,470,2016,13,0,2,15,419.0,442.0,562.0,648.0,566.0,490.0,444.0
2016-04-14,452,2016,14,0,3,15,470.0,419.0,442.0,562.0,648.0,566.0,490.0
2016-04-15,499,2016,15,0,4,15,452.0,470.0,419.0,442.0,562.0,648.0,566.0
2016-04-16,490,2016,16,0,5,15,499.0,452.0,470.0,419.0,442.0,562.0,648.0
2016-04-17,510,2016,17,0,6,15,490.0,499.0,452.0,470.0,419.0,442.0,562.0
2016-04-18,452,2016,18,0,0,16,510.0,490.0,499.0,452.0,470.0,419.0,442.0
2016-04-19,443,2016,19,0,1,16,452.0,510.0,490.0,499.0,452.0,470.0,419.0
2016-04-20,400,2016,20,0,2,16,443.0,452.0,510.0,490.0,499.0,452.0,470.0
2016-04-21,462,2016,21,0,3,16,400.0,443.0,452.0,510.0,490.0,499.0,452.0
2016-04-22,446,2016,22,0,4,16,462.0,400.0,443.0,452.0,510.0,490.0,499.0
2016-04-23,513,2016,23,0,5,16,446.0,462.0,400.0,443.0,452.0,510.0,490.0
2016-04-24,430,2016,24,0,6,16,513.0,446.0,462.0,400.0,443.0,452.0,510.0
2016-04-25,442,2016,25,0,0,17,430.0,513.0,446.0,462.0,400.0,443.0,452.0
2016-04-26,416,2016,26,0,1,17,442.0,430.0,513.0,446.0,462.0,400.0,443.0
2016-04-27,398,2016,27,0,2,17,416.0,442.0,430.0,513.0,446.0,462.0,400.0
2016-04-28,436,2016,28,0,3,17,398.0,416.0,442.0,430.0,513.0,446.0,462.0
2016-04-29,429,2016,29,0,4,17,436.0,398.0,416.0,442.0,430.0,513.0,446.0
2016-04-30,543,2016,30,0,5,17,429.0,436.0,398.0,416.0,442.0,430.0,513.0
2016-05-01,515,2016,1,0,6,17,543.0,429.0,436.0,398.0,416.0,442.0,430.0
2016-05-02,444,2016,2,0,0,18,515.0,543.0,429.0,436.0,398.0,416.0,442.0
2016-05-03,422,2016,3,0,1,18,444.0,515.0,543.0,429.0,436.0,398.0,416.0
2016-05-04,468,2016,4,0,2,18,422.0,444.0,515.0,543.0,429.0,436.0,398.0
2016-05-05,452,2016,5,0,3,18,468.0,422.0,444.0,515.0,543.0,429.0,436.0
2016-05-06,471,2016,6,0,4,18,452.0,468.0,422.0,444.0,515.0,543.0,429.0
2016-05-07,538,2016,7,0,5,18,471.0,452.0,468.0,422.0,444.0,515.0,543.0
2016-05-08,451,2016,8,0,6,18,538.0,471.0,452.0,468.0,422.0,444.0,515.0
2016-05-09,428,2016,9,0,0,19,451.0,538.0,471.0,452.0,468.0,422.0,444.0
2016-05-10,410,2016,10,0,1,19,428.0,451.0,538.0,471.0,452.0,468.0,422.0
2016-05-11,441,2016,11,0,2,19,410.0,428.0,451.0,538.0,471.0,452.0,468.0
2016-05-12,450,2016,12,0,3,19,441.0,410.0,428.0,451.0,538.0,471.0,452.0
2016-05-13,476,2016,13,0,4,19,450.0,441.0,410.0,428.0,451.0,538.0,471.0
2016-05-14,530,2016,14,0,5,19,476.0,450.0,441.0,410.0,428.0,451.0,538.0
2016-05-15,467,2016,15,0,6,19,530.0,476.0,450.0,441.0,410.0,428.0,451.0
2016-05-16,460,2016,16,0,0,20,467.0,530.0,476.0,450.0,441.0,410.0,428.0
2016-05-17,402,2016,17,0,1,20,460.0,467.0,530.0,476.0,450.0,441.0,410.0
2016-05-18,446,2016,18,0,2,20,402.0,460.0,467.0,530.0,476.0,450.0,441.0
2016-05-19,431,2016,19,0,3,20,446.0,402.0,460.0,467.0,530.0,476.0,450.0
2016-05-20,509,2016,20,0,4,20,431.0,446.0,402.0,460.0,467.0,530.0,476.0
2016-05-21,476,2016,21,0,5,20,509.0,431.0,446.0,402.0,460.0,467.0,530.0
2016-05-22,456,2016,22,0,6,20,476.0,509.0,431.0,446.0,402.0,460.0,467.0
2016-05-23,456,2016,23,0,0,21,456.0,476.0,509.0,431.0,446.0,402.0,460.0
2016-05-24,401,2016,24,0,1,21,456.0,456.0,476.0,509.0,431.0,446.0,402.0
2016-05-25,435,2016,25,0,2,21,401.0,456.0,456.0,476.0,509.0,431.0,446.0
2016-05-26,427,2016,26,0,3,21,435.0,401.0,456.0,456.0,476.0,509.0,431.0
2016-05-27,458,2016,27,0,4,21,427.0,435.0,401.0,456.0,456.0,476.0,509.0
2016-05-28,473,2016,28,0,5,21,458.0,427.0,435.0,401.0,456.0,456.0,476.0
2016-05-29,453,2016,29,0,6,21,473.0,458.0,427.0,435.0,401.0,456.0,456.0
2016-05-30,447,2016,30,0,0,22,453.0,473.0,458.0,427.0,435.0,401.0,456.0
2016-05-31,422,2016,31,0,1,22,447.0,453.0,473.0,458.0,427.0,435.0,401.0
2016-06-01,460,2016,1,0,2,22,422.0,447.0,453.0,473.0,458.0,427.0,435.0
2016-06-02,429,2016,2,0,3,22,460.0,422.0,447.0,453.0,473.0,458.0,427.0
2016-06-03,547,2016,3,0,4,22,429.0,460.0,422.0,447.0,453.0,473.0,458.0
2016-06-04,601,2016,4,0,5,22,547.0,429.0,460.0,422.0,447.0,453.0,473.0
2016-06-05,621,2016,5,0,6,22,601.0,547.0,429.0,460.0,422.0,447.0,453.0
2016-06-06,385,2016,6,0,0,23,621.0,601.0,547.0,429.0,460.0,422.0,447.0
2016-06-07,397,2016,7,0,1,23,385.0,621.0,601.0,547.0,429.0,460.0,422.0
2016-06-08,381,2016,8,0,2,23,397.0,385.0,621.0,601.0,547.0,429.0,460.0
2016-06-09,403,2016,9,0,3,23,381.0,397.0,385.0,621.0,601.0,547.0,429.0
2016-06-10,466,2016,10,0,4,23,403.0,381.0,397.0,385.0,621.0,601.0,547.0
2016-06-11,425,2016,11,0,5,23,466.0,403.0,381.0,397.0,385.0,621.0,601.0
2016-06-12,413,2016,12,0,6,23,425.0,466.0,403.0,381.0,397.0,385.0,621.0
2016-06-13,412,2016,13,0,0,24,413.0,425.0,466.0,403.0,381.0,397.0,385.0
2016-06-14,400,2016,14,0,1,24,412.0,413.0,425.0,466.0,403.0,381.0,397.0
2016-06-15,420,2016,15,0,2,24,400.0,412.0,413.0,425.0,466.0,403.0,381.0
2016-06-16,433,2016,16,0,3,24,420.0,400.0,412.0,413.0,425.0,466.0,403.0
2016-06-17,436,2016,17,0,4,24,433.0,420.0,400.0,412.0,413.0,425.0,466.0
2016-06-18,473,2016,18,0,5,24,436.0,433.0,420.0,400.0,412.0,413.0,425.0
2016-06-19,432,2016,19,0,6,24,473.0,436.0,433.0,420.0,400.0,412.0,413.0
2016-06-20,422,2016,20,0,0,25,432.0,473.0,436.0,433.0,420.0,400.0,412.0
2016-06-21,353,2016,21,0,1,25,422.0,432.0,473.0,436.0,433.0,420.0,400.0
2016-06-22,408,2016,22,0,2,25,353.0,422.0,432.0,473.0,436.0,433.0,420.0
2016-06-23,431,2016,23,0,3,25,408.0,353.0,422.0,432.0,473.0,436.0,433.0
2016-06-24,481,2016,24,0,4,25,431.0,408.0,353.0,422.0,432.0,473.0,436.0
2016-06-25,506,2016,25,0,5,25,481.0,431.0,408.0,353.0,422.0,432.0,473.0
2016-06-26,408,2016,26,0,6,25,506.0,481.0,431.0,408.0,353.0,422.0,432.0
2016-06-27,415,2016,27,0,0,26,408.0,506.0,481.0,431.0,408.0,353.0,422.0
2016-06-28,398,2016,28,0,1,26,415.0,408.0,506.0,481.0,431.0,408.0,353.0
2016-06-29,390,2016,29,0,2,26,398.0,415.0,408.0,506.0,481.0,431.0,408.0
2016-06-30,428,2016,30,0,3,26,390.0,398.0,415.0,408.0,506.0,481.0,431.0
2016-07-01,500,2016,1,0,4,26,428.0,390.0,398.0,415.0,408.0,506.0,481.0
2016-07-02,500,2016,2,0,5,26,500.0,428.0,390.0,398.0,415.0,408.0,506.0
2016-07-03,444,2016,3,0,6,26,500.0,500.0,428.0,390.0,398.0,415.0,408.0
2016-07-04,444,2016,4,0,0,27,444.0,500.0,500.0,428.0,390.0,398.0,415.0
2016-07-05,407,2016,5,0,1,27,444.0,444.0,500.0,500.0,428.0,390.0,398.0
2016-07-06,421,2016,6,0,2,27,407.0,444.0,444.0,500.0,500.0,428.0,390.0
2016-07-07,397,2016,7,0,3,27,421.0,407.0,444.0,444.0,500.0,500.0,428.0
2016-07-08,431,2016,8,0,4,27,397.0,421.0,407.0,444.0,444.0,500.0,500.0
2016-07-09,435,2016,9,0,5,27,431.0,397.0,421.0,407.0,444.0,444.0,500.0
2016-07-10,472,2016,10,0,6,27,435.0,431.0,397.0,421.0,407.0,444.0,444.0
2016-07-11,387,2016,11,0,0,28,472.0,435.0,431.0,397.0,421.0,407.0,444.0
2016-07-12,372,2016,12,0,1,28,387.0,472.0,435.0,431.0,397.0,421.0,407.0
2016-07-13,435,2016,13,0,2,28,372.0,387.0,472.0,435.0,431.0,397.0,421.0
2016-07-14,441,2016,14,0,3,28,435.0,372.0,387.0,472.0,435.0,431.0,397.0
2016-07-15,448,2016,15,0,4,28,441.0,435.0,372.0,387.0,472.0,435.0,431.0
2016-07-16,494,2016,16,0,5,28,448.0,441.0,435.0,372.0,387.0,472.0,435.0
2016-07-17,477,2016,17,0,6,28,494.0,448.0,441.0,435.0,372.0,387.0,472.0
2016-07-18,386,2016,18,0,0,29,477.0,494.0,448.0,441.0,435.0,372.0,387.0
2016-07-19,327,2016,19,0,1,29,386.0,477.0,494.0,448.0,441.0,435.0,372.0
2016-07-20,369,2016,20,0,2,29,327.0,386.0,477.0,494.0,448.0,441.0,435.0
2016-07-21,419,2016,21,0,3,29,369.0,327.0,386.0,477.0,494.0,448.0,441.0
2016-07-22,429,2016,22,0,4,29,419.0,369.0,327.0,386.0,477.0,494.0,448.0
2016-07-23,489,2016,23,0,5,29,429.0,419.0,369.0,327.0,386.0,477.0,494.0
2016-07-24,431,2016,24,0,6,29,489.0,429.0,419.0,369.0,327.0,386.0,477.0
2016-07-25,345,2016,25,0,0,30,431.0,489.0,429.0,419.0,369.0,327.0,386.0
2016-07-26,341,2016,26,0,1,30,345.0,431.0,489.0,429.0,419.0,369.0,327.0
2016-07-27,462,2016,27,0,2,30,341.0,345.0,431.0,489.0,429.0,419.0,369.0
2016-07-28,376,2016,28,0,3,30,462.0,341.0,345.0,431.0,489.0,429.0,419.0
2016-07-29,330,2016,29,0,4,30,376.0,462.0,341.0,345.0,431.0,489.0,429.0
2016-07-30,373,2016,30,0,5,30,330.0,376.0,462.0,341.0,345.0,431.0,489.0
2016-07-31,361,2016,31,0,6,30,373.0,330.0,376.0,462.0,341.0,345.0,431.0
2016-08-01,430,2016,1,0,0,31,361.0,373.0,330.0,376.0,462.0,341.0,345.0
2016-08-02,377,2016,2,0,1,31,430.0,361.0,373.0,330.0,376.0,462.0,341.0
2016-08-03,380,2016,3,0,2,31,377.0,430.0,361.0,373.0,330.0,376.0,462.0
2016-08-04,413,2016,4,0,3,31,380.0,377.0,430.0,361.0,373.0,330.0,376.0
2016-08-05,398,2016,5,0,4,31,413.0,380.0,377.0,430.0,361.0,373.0,330.0
2016-08-06,402,2016,6,0,5,31,398.0,413.0,380.0,377.0,430.0,361.0,373.0
2016-08-07,426,2016,7,0,6,31,402.0,398.0,413.0,380.0,377.0,430.0,361.0
2016-08-08,437,2016,8,0,0,32,426.0,402.0,398.0,413.0,380.0,377.0,430.0
2016-08-09,361,2016,9,0,1,32,437.0,426.0,402.0,398.0,413.0,380.0,377.0
2016-08-10,359,2016,10,0,2,32,361.0,437.0,426.0,402.0,398.0,413.0,380.0
2016-08-11,379,2016,11,0,3,32,359.0,361.0,437.0,426.0,402.0,398.0,413.0
2016-08-12,395,2016,12,0,4,32,379.0,359.0,361.0,437.0,426.0,402.0,398.0
2016-08-13,423,2016,13,0,5,32,395.0,379.0,359.0,361.0,437.0,426.0,402.0
2016-08-14,401,2016,14,0,6,32,423.0,395.0,379.0,359.0,361.0,437.0,426.0
2016-08-15,413,2016,15,0,0,33,401.0,423.0,395.0,379.0,359.0,361.0,437.0
2016-08-16,355,2016,16,0,1,33,413.0,401.0,423.0,395.0,379.0,359.0,361.0
2016-08-17,399,2016,17,0,2,33,355.0,413.0,401.0,423.0,395.0,379.0,359.0
2016-08-18,359,2016,18,0,3,33,399.0,355.0,413.0,401.0,423.0,395.0,379.0
2016-08-19,392,2016,19,0,4,33,359.0,399.0,355.0,413.0,401.0,423.0,395.0
2016-08-20,436,2016,20,0,5,33,392.0,359.0,399.0,355.0,413.0,401.0,423.0
2016-08-21,421,2016,21,0,6,33,436.0,392.0,359.0,399.0,355.0,413.0,401.0
2016-08-22,383,2016,22,0,0,34,421.0,436.0,392.0,359.0,399.0,355.0,413.0
2016-08-23,356,2016,23,0,1,34,383.0,421.0,436.0,392.0,359.0,399.0,355.0
2016-08-24,370,2016,24,0,2,34,356.0,383.0,421.0,436.0,392.0,359.0,399.0
2016-08-25,391,2016,25,0,3,34,370.0,356.0,383.0,421.0,436.0,392.0,359.0
2016-08-26,420,2016,26,0,4,34,391.0,370.0,356.0,383.0,421.0,436.0,392.0
2016-08-27,431,2016,27,0,5,34,420.0,391.0,370.0,356.0,383.0,421.0,436.0
2016-08-28,398,2016,28,0,6,34,431.0,420.0,391.0,370.0,356.0,383.0,421.0
2016-08-29,385,2016,29,0,0,35,398.0,431.0,420.0,391.0,370.0,356.0,383.0
2016-08-30,341,2016,30,0,1,35,385.0,398.0,431.0,420.0,391.0,370.0,356.0
2016-08-31,362,2016,31,0,2,35,341.0,385.0,398.0,431.0,420.0,391.0,370.0
2016-09-01,396,2016,1,0,3,35,362.0,341.0,385.0,398.0,431.0,420.0,391.0
2016-09-02,388,2016,2,0,4,35,396.0,362.0,341.0,385.0,398.0,431.0,420.0
2016-09-03,391,2016,3,0,5,35,388.0,396.0,362.0,341.0,385.0,398.0,431.0
2016-09-04,406,2016,4,0,6,35,391.0,388.0,396.0,362.0,341.0,385.0,398.0
2016-09-05,355,2016,5,0,0,36,406.0,391.0,388.0,396.0,362.0,341.0,385.0
2016-09-06,326,2016,6,0,1,36,355.0,406.0,391.0,388.0,396.0,362.0,341.0
2016-09-07,392,2016,7,0,2,36,326.0,355.0,406.0,391.0,388.0,396.0,362.0
2016-09-08,358,2016,8,0,3,36,392.0,326.0,355.0,406.0,391.0,388.0,396.0
2016-09-09,431,2016,9,0,4,36,358.0,392.0,326.0,355.0,406.0,391.0,388.0
2016-09-10,407,2016,10,0,5,36,431.0,358.0,392.0,326.0,355.0,406.0,391.0
2016-09-11,352,2016,11,0,6,36,407.0,431.0,358.0,392.0,326.0,355.0,406.0
2016-09-12,381,2016,12,0,0,37,352.0,407.0,431.0,358.0,392.0,326.0,355.0
2016-09-13,377,2016,13,0,1,37,381.0,352.0,407.0,431.0,358.0,392.0,326.0
2016-09-14,390,2016,14,0,2,37,377.0,381.0,352.0,407.0,431.0,358.0,392.0
2016-09-15,426,2016,15,0,3,37,390.0,377.0,381.0,352.0,407.0,431.0,358.0
2016-09-16,432,2016,16,0,4,37,426.0,390.0,377.0,381.0,352.0,407.0,431.0
2016-09-17,410,2016,17,0,5,37,432.0,426.0,390.0,377.0,381.0,352.0,407.0
2016-09-18,440,2016,18,0,6,37,410.0,432.0,426.0,390.0,377.0,381.0,352.0
2016-09-19,411,2016,19,0,0,38,440.0,410.0,432.0,426.0,390.0,377.0,381.0
2016-09-20,394,2016,20,0,1,38,411.0,440.0,410.0,432.0,426.0,390.0,377.0
2016-09-21,402,2016,21,0,2,38,394.0,411.0,440.0,410.0,432.0,426.0,390.0
2016-09-22,430,2016,22,0,3,38,402.0,394.0,411.0,440.0,410.0,432.0,426.0
2016-09-23,413,2016,23,0,4,38,430.0,402.0,394.0,411.0,440.0,410.0,432.0
2016-09-24,440,2016,24,0,5,38,413.0,430.0,402.0,394.0,411.0,440.0,410.0
2016-09-25,432,2016,25,0,6,38,440.0,413.0,430.0,402.0,394.0,411.0,440.0
2016-09-26,395,2016,26,0,0,39,432.0,440.0,413.0,430.0,402.0,394.0,411.0
2016-09-27,363,2016,27,0,1,39,395.0,432.0,440.0,413.0,430.0,402.0,394.0
2016-09-28,366,2016,28,0,2,39,363.0,395.0,432.0,440.0,413.0,430.0,402.0
2016-09-29,413,2016,29,0,3,39,366.0,363.0,395.0,432.0,440.0,413.0,430.0
2016-09-30,405,2016,30,0,4,39,413.0,366.0,363.0,395.0,432.0,440.0,413.0
2016-10-01,491,2016,1,0,5,39,405.0,413.0,366.0,363.0,395.0,432.0,440.0
2016-10-02,409,2016,2,0,6,39,491.0,405.0,413.0,366.0,363.0,395.0,432.0
2016-10-03,350,2016,3,0,0,40,409.0,491.0,405.0,413.0,366.0,363.0,395.0
2016-10-04,385,2016,4,0,1,40,350.0,409.0,491.0,405.0,413.0,366.0,363.0
2016-10-05,384,2016,5,0,2,40,385.0,350.0,409.0,491.0,405.0,413.0,366.0
2016-10-06,350,2016,6,0,3,40,384.0,385.0,350.0,409.0,491.0,405.0,413.0
2016-10-07,410,2016,7,0,4,40,350.0,384.0,385.0,350.0,409.0,491.0,405.0
2016-10-08,438,2016,8,0,5,40,410.0,350.0,384.0,385.0,350.0,409.0,491.0
2016-10-09,404,2016,9,0,6,40,438.0,410.0,350.0,384.0,385.0,350.0,409.0
2016-10-10,366,2016,10,0,0,41,404.0,438.0,410.0,350.0,384.0,385.0,350.0
2016-10-11,362,2016,11,0,1,41,366.0,404.0,438.0,410.0,350.0,384.0,385.0
2016-10-12,376,2016,12,0,2,41,362.0,366.0,404.0,438.0,410.0,350.0,384.0
2016-10-13,377,2016,13,0,3,41,376.0,362.0,366.0,404.0,438.0,410.0,350.0
2016-10-14,375,2016,14,0,4,41,377.0,376.0,362.0,366.0,404.0,438.0,410.0
2016-10-15,442,2016,15,0,5,41,375.0,377.0,376.0,362.0,366.0,404.0,438.0
2016-10-16,481,2016,16,0,6,41,442.0,375.0,377.0,376.0,362.0,366.0,404.0
2016-10-17,330,2016,17,0,0,42,481.0,442.0,375.0,377.0,376.0,362.0,366.0
2016-10-18,347,2016,18,0,1,42,330.0,481.0,442.0,375.0,377.0,376.0,362.0
2016-10-19,374,2016,19,0,2,42,347.0,330.0,481.0,442.0,375.0,377.0,376.0
2016-10-20,434,2016,20,0,3,42,374.0,347.0,330.0,481.0,442.0,375.0,377.0
2016-10-21,408,2016,21,0,4,42,434.0,374.0,347.0,330.0,481.0,442.0,375.0
2016-10-22,388,2016,22,0,5,42,408.0,434.0,374.0,347.0,330.0,481.0,442.0
2016-10-23,378,2016,23,0,6,42,388.0,408.0,434.0,374.0,347.0,330.0,481.0
2016-10-24,391,2016,24,0,0,43,378.0,388.0,408.0,434.0,374.0,347.0,330.0
2016-10-25,348,2016,25,0,1,43,391.0,378.0,388.0,408.0,434.0,374.0,347.0
2016-10-26,378,2016,26,0,2,43,348.0,391.0,378.0,388.0,408.0,434.0,374.0
2016-10-27,368,2016,27,0,3,43,378.0,348.0,391.0,378.0,388.0,408.0,434.0
2016-10-28,425,2016,28,0,4,43,368.0,378.0,348.0,391.0,378.0,388.0,408.0
2016-10-29,411,2016,29,0,5,43,425.0,368.0,378.0,348.0,391.0,378.0,388.0
2016-10-30,423,2016,30,0,6,43,411.0,425.0,368.0,378.0,348.0,391.0,378.0
2016-10-31,422,2016,31,0,0,44,423.0,411.0,425.0,368.0,378.0,348.0,391.0
2016-11-01,378,2016,1,0,1,44,422.0,423.0,411.0,425.0,368.0,378.0,348.0
2016-11-02,366,2016,2,0,2,44,378.0,422.0,423.0,411.0,425.0,368.0,378.0
2016-11-03,344,2016,3,0,3,44,366.0,378.0,422.0,423.0,411.0,425.0,368.0
2016-11-04,389,2016,4,0,4,44,344.0,366.0,378.0,422.0,423.0,411.0,425.0
2016-11-05,448,2016,5,0,5,44,389.0,344.0,366.0,378.0,422.0,423.0,411.0
2016-11-06,358,2016,6,0,6,44,448.0,389.0,344.0,366.0,378.0,422.0,423.0
2016-11-07,432,2016,7,0,0,45,358.0,448.0,389.0,344.0,366.0,378.0,422.0
2016-11-08,369,2016,8,0,1,45,432.0,358.0,448.0,389.0,344.0,366.0,378.0
2016-11-09,374,2016,9,0,2,45,369.0,432.0,358.0,448.0,389.0,344.0,366.0
2016-11-10,370,2016,10,0,3,45,374.0,369.0,432.0,358.0,448.0,389.0,344.0
2016-11-11,398,2016,11,0,4,45,370.0,374.0,369.0,432.0,358.0,448.0,389.0
2016-11-12,452,2016,12,0,5,45,398.0,370.0,374.0,369.0,432.0,358.0,448.0
2016-11-13,406,2016,13,0,6,45,452.0,398.0,370.0,374.0,369.0,432.0,358.0
2016-11-14,385,2016,14,0,0,46,406.0,452.0,398.0,370.0,374.0,369.0,432.0
2016-11-15,368,2016,15,0,1,46,385.0,406.0,452.0,398.0,370.0,374.0,369.0
2016-11-16,444,2016,16,0,2,46,368.0,385.0,406.0,452.0,398.0,370.0,374.0
2016-11-17,332,2016,17,0,3,46,444.0,368.0,385.0,406.0,452.0,398.0,370.0
2016-11-18,378,2016,18,0,4,46,332.0,444.0,368.0,385.0,406.0,452.0,398.0
2016-11-19,377,2016,19,0,5,46,378.0,332.0,444.0,368.0,385.0,406.0,452.0
2016-11-20,433,2016,20,0,6,46,377.0,378.0,332.0,444.0,368.0,385.0,406.0
2016-11-21,407,2016,21,0,0,47,433.0,377.0,378.0,332.0,444.0,368.0,385.0
2016-11-22,343,2016,22,0,1,47,407.0,433.0,377.0,378.0,332.0,444.0,368.0
2016-11-23,386,2016,23,0,2,47,343.0,407.0,433.0,377.0,378.0,332.0,444.0
2016-11-24,437,2016,24,0,3,47,386.0,343.0,407.0,433.0,377.0,378.0,332.0
2016-11-25,431,2016,25,0,4,47,437.0,386.0,343.0,407.0,433.0,377.0,378.0
2016-11-26,458,2016,26,0,5,47,431.0,437.0,386.0,343.0,407.0,433.0,377.0
2016-11-27,395,2016,27,0,6,47,458.0,431.0,437.0,386.0,343.0,407.0,433.0
2016-11-28,393,2016,28,0,0,48,395.0,458.0,431.0,437.0,386.0,343.0,407.0
2016-11-29,352,2016,29,0,1,48,393.0,395.0,458.0,431.0,437.0,386.0,343.0
2016-11-30,393,2016,30,0,2,48,352.0,393.0,395.0,458.0,431.0,437.0,386.0
2016-12-01,433,2016,1,0,3,48,393.0,352.0,393.0,395.0,458.0,431.0,437.0
2016-12-02,432,2016,2,0,4,48,433.0,393.0,352.0,393.0,395.0,458.0,431.0
2016-12-03,448,2016,3,0,5,48,432.0,433.0,393.0,352.0,393.0,395.0,458.0
2016-12-04,415,2016,4,0,6,48,448.0,432.0,433.0,393.0,352.0,393.0,395.0
2016-12-05,374,2016,5,0,0,49,415.0,448.0,432.0,433.0,393.0,352.0,393.0
2016-12-06,366,2016,6,0,1,49,374.0,415.0,448.0,432.0,433.0,393.0,352.0
2016-12-07,405,2016,7,0,2,49,366.0,374.0,415.0,448.0,432.0,433.0,393.0
2016-12-08,413,2016,8,0,3,49,405.0,366.0,374.0,415.0,448.0,432.0,433.0
2016-12-09,470,2016,9,0,4,49,413.0,405.0,366.0,374.0,415.0,448.0,432.0
2016-12-10,462,2016,10,0,5,49,470.0,413.0,405.0,366.0,374.0,415.0,448.0
2016-12-11,446,2016,11,0,6,49,462.0,470.0,413.0,405.0,366.0,374.0,415.0
2016-12-12,432,2016,12,0,0,50,446.0,462.0,470.0,413.0,405.0,366.0,374.0
2016-12-13,380,2016,13,0,1,50,432.0,446.0,462.0,470.0,413.0,405.0,366.0
2016-12-14,416,2016,14,0,2,50,380.0,432.0,446.0,462.0,470.0,413.0,405.0
2016-12-15,450,2016,15,0,3,50,416.0,380.0,432.0,446.0,462.0,470.0,413.0
2016-12-16,482,2016,16,0,4,50,450.0,416.0,380.0,432.0,446.0,462.0,470.0
2016-12-17,475,2016,17,0,5,50,482.0,450.0,416.0,380.0,432.0,446.0,462.0
2016-12-18,458,2016,18,0,6,50,475.0,482.0,450.0,416.0,380.0,432.0,446.0
2016-12-19,431,2016,19,0,0,51,458.0,475.0,482.0,450.0,416.0,380.0,432.0
2016-12-20,430,2016,20,0,1,51,431.0,458.0,475.0,482.0,450.0,416.0,380.0
2016-12-21,423,2016,21,0,2,51,430.0,431.0,458.0,475.0,482.0,450.0,416.0
2016-12-22,451,2016,22,0,3,51,423.0,430.0,431.0,458.0,475.0,482.0,450.0
2016-12-23,467,2016,23,0,4,51,451.0,423.0,430.0,431.0,458.0,475.0,482.0
2016-12-24,381,2016,24,0,5,51,467.0,451.0,423.0,430.0,431.0,458.0,475.0
2016-12-25,310,2016,25,0,6,51,381.0,467.0,451.0,423.0,430.0,431.0,458.0
2016-12-26,404,2016,26,0,0,52,310.0,381.0,467.0,451.0,423.0,430.0,431.0
2016-12-27,379,2016,27,0,1,52,404.0,310.0,381.0,467.0,451.0,423.0,430.0
2016-12-28,432,2016,28,0,2,52,379.0,404.0,310.0,381.0,467.0,451.0,423.0
2016-12-29,477,2016,29,0,3,52,432.0,379.0,404.0,310.0,381.0,467.0,451.0
2016-12-30,472,2016,30,0,4,52,477.0,432.0,379.0,404.0,310.0,381.0,467.0
2016-12-31,422,2016,31,0,5,52,472.0,477.0,432.0,379.0,404.0,310.0,381.0
